{
	"credit": "Made with Blockbench",
	"texture_size": [32, 32],
	"textures": {
		"0": "block/small_brown_mushroom",
		"particle": "block/brown_mushroom_block"
	},
	"elements": [
		{
			"from": [3, 0, 7],
			"to": [4, 1, 8],
			"rotation": {"angle": 0, "axis": "y", "origin": [11, 8, 15]},
			"faces": {
				"north": {"uv": [15.5, 14.5, 16, 15], "texture": "#0"},
				"east": {"uv": [15.5, 14.5, 16, 15], "texture": "#0"},
				"south": {"uv": [15.5, 14.5, 16, 15], "texture": "#0"},
				"west": {"uv": [15.5, 14.5, 16, 15], "texture": "#0"},
				"down": {"uv": [15.5, 14.5, 16, 15], "texture": "#0"}
			}
		},
		{
			"from": [2.5, 1, 6.5],
			"to": [4.5, 2, 8.5],
			"rotation": {"angle": 0, "axis": "y", "origin": [11.5, 9, 14.5]},
			"faces": {
				"north": {"uv": [7, 3, 8, 3.5], "texture": "#0"},
				"east": {"uv": [7, 3, 8, 3.5], "texture": "#0"},
				"south": {"uv": [7, 3, 8, 3.5], "texture": "#0"},
				"west": {"uv": [7, 3, 8, 3.5], "texture": "#0"},
				"up": {"uv": [7, 2.5, 8, 3.5], "texture": "#0"},
				"down": {"uv": [5.5, 4.5, 6.5, 5.5], "texture": "#0"}
			}
		},
		{
			"from": [3, 0, 13],
			"to": [4, 2, 14],
			"rotation": {"angle": 0, "axis": "y", "origin": [11, 8, 21]},
			"faces": {
				"north": {"uv": [15.5, 14.5, 16, 15.5], "texture": "#0"},
				"east": {"uv": [15.5, 14.5, 16, 15.5], "texture": "#0"},
				"south": {"uv": [15.5, 14.5, 16, 15.5], "texture": "#0"},
				"west": {"uv": [15.5, 14.5, 16, 15.5], "texture": "#0"},
				"down": {"uv": [15.5, 14.5, 16, 15], "texture": "#0"}
			}
		},
		{
			"from": [1.5, 2, 11.5],
			"to": [5.5, 4, 15.5],
			"rotation": {"angle": 0, "axis": "y", "origin": [9.5, 10, 22.5]},
			"faces": {
				"north": {"uv": [6, 0, 8, 1], "rotation": 180, "texture": "#0"},
				"east": {"uv": [9, 1.5, 11, 2.5], "texture": "#0"},
				"south": {"uv": [6, 0, 8, 1], "rotation": 180, "texture": "#0"},
				"west": {"uv": [9, 1.5, 11, 2.5], "texture": "#0"},
				"up": {"uv": [9.5, 0.5, 11.5, 2.5], "texture": "#0"},
				"down": {"uv": [6, 5, 8, 7], "texture": "#0"}
			}
		},
		{
			"from": [7, 4, 3],
			"to": [15, 7, 11],
			"rotation": {"angle": 0, "axis": "y", "origin": [15, 12, 11]},
			"faces": {
				"north": {"uv": [5, 0, 9, 1.5], "rotation": 180, "texture": "#0"},
				"east": {"uv": [5, 2.5, 9, 4], "texture": "#0"},
				"south": {"uv": [5, 0, 9, 1.5], "rotation": 180, "texture": "#0"},
				"west": {"uv": [5, 2.5, 9, 4], "texture": "#0"},
				"up": {"uv": [5, 0, 9, 4], "texture": "#0"},
				"down": {"uv": [5, 4, 9, 8], "texture": "#0"}
			}
		},
		{
			"from": [10, 0, 6],
			"to": [12, 4, 8],
			"rotation": {"angle": 0, "axis": "y", "origin": [19, 9, 14]},
			"faces": {
				"north": {"uv": [15, 13.5, 16, 15.5], "texture": "#0"},
				"east": {"uv": [15, 13.5, 16, 15.5], "texture": "#0"},
				"south": {"uv": [15, 13.5, 16, 15.5], "texture": "#0"},
				"west": {"uv": [15, 13.5, 16, 15.5], "texture": "#0"},
				"down": {"uv": [15, 13.5, 16, 14.5], "texture": "#0"}
			}
		},
		{
			"from": [7, 0, 3],
			"to": [8, 1, 4],
			"rotation": {"angle": 0, "axis": "y", "origin": [15, 8, 11]},
			"faces": {
				"north": {"uv": [15, 15, 15.5, 15.5], "texture": "#0"},
				"east": {"uv": [15, 15, 15.5, 15.5], "texture": "#0"},
				"south": {"uv": [15, 15, 15.5, 15.5], "texture": "#0"},
				"west": {"uv": [15, 15, 15.5, 15.5], "texture": "#0"},
				"down": {"uv": [15, 15, 15.5, 15.5], "texture": "#0"}
			}
		},
		{
			"from": [6.5, 1, 2.5],
			"to": [8.5, 2, 4.5],
			"rotation": {"angle": 0, "axis": "y", "origin": [15.5, 9, 10.5]},
			"faces": {
				"north": {"uv": [4.5, 1.5, 5.5, 2], "texture": "#0"},
				"east": {"uv": [4.5, 1.5, 5.5, 2], "texture": "#0"},
				"south": {"uv": [4.5, 1.5, 5.5, 2], "texture": "#0"},
				"west": {"uv": [4.5, 1.5, 5.5, 2], "texture": "#0"},
				"up": {"uv": [6, 2.5, 7, 3.5], "texture": "#0"},
				"down": {"uv": [10, 3.5, 11, 4.5], "texture": "#0"}
			}
		}
	],
	"groups": [
		{
			"name": "group",
			"origin": [8.5, 9, 7.5],
			"children": [0, 1]
		},
		{
			"name": "group",
			"origin": [9.5, 10, 21.5],
			"children": [2, 3]
		},
		{
			"name": "group",
			"origin": [16, 8, 15],
			"children": [4, 5]
		},
		{
			"name": "group",
			"origin": [8.5, 9, 7.5],
			"children": [6, 7]
		}
	]
}