{
	"credit": "Made with Blockbench",
	"texture_size": [32, 32],
	"textures": {
		"1": "block/small_brown_mushroom",
		"particle": "block/brown_mushroom_block"
	},
	"elements": [
		{
			"from": [3, 0, 13],
			"to": [4, 1, 14],
			"rotation": {"angle": 0, "axis": "y", "origin": [11, 8, 21]},
			"faces": {
				"north": {"uv": [15.5, 14.5, 16, 15], "texture": "#1"},
				"east": {"uv": [15.5, 14.5, 16, 15], "texture": "#1"},
				"south": {"uv": [15.5, 14.5, 16, 15], "texture": "#1"},
				"west": {"uv": [15.5, 14.5, 16, 15], "texture": "#1"},
				"down": {"uv": [15.5, 14.5, 16, 15], "texture": "#1"}
			}
		},
		{
			"from": [2.5, 1, 12.5],
			"to": [4.5, 2, 14.5],
			"rotation": {"angle": 0, "axis": "y", "origin": [11.5, 9, 20.5]},
			"faces": {
				"north": {"uv": [7, 3, 8, 3.5], "texture": "#1"},
				"east": {"uv": [7, 3, 8, 3.5], "texture": "#1"},
				"south": {"uv": [7, 3, 8, 3.5], "texture": "#1"},
				"west": {"uv": [7, 3, 8, 3.5], "texture": "#1"},
				"up": {"uv": [5.5, 2.5, 6.5, 3.5], "texture": "#1"},
				"down": {"uv": [5.5, 4.5, 6.5, 5.5], "texture": "#1"}
			}
		},
		{
			"from": [8, 0, 11],
			"to": [10, 2, 13],
			"rotation": {"angle": 0, "axis": "y", "origin": [16, 8, 19]},
			"faces": {
				"north": {"uv": [15, 14.5, 16, 15.5], "texture": "#1"},
				"east": {"uv": [15, 14.5, 16, 15.5], "texture": "#1"},
				"south": {"uv": [15, 14.5, 16, 15.5], "texture": "#1"},
				"west": {"uv": [15, 14.5, 16, 15.5], "texture": "#1"},
				"down": {"uv": [15, 14.5, 16, 15.5], "texture": "#1"}
			}
		},
		{
			"from": [6.5, 2, 9.5],
			"to": [11.5, 5, 14.5],
			"rotation": {"angle": 0, "axis": "y", "origin": [14.5, 10, 20.5]},
			"faces": {
				"north": {"uv": [1, 3.5, 3.5, 5], "texture": "#1"},
				"east": {"uv": [9, 1, 11.5, 2.5], "texture": "#1"},
				"south": {"uv": [1, 3.5, 3.5, 5], "texture": "#1"},
				"west": {"uv": [9, 1, 11.5, 2.5], "texture": "#1"},
				"up": {"uv": [9, 0, 11.5, 2.5], "texture": "#1"},
				"down": {"uv": [9, 2.5, 11.5, 5], "texture": "#1"}
			}
		},
		{
			"from": [3, 0, 9],
			"to": [4, 1, 10],
			"rotation": {"angle": 0, "axis": "y", "origin": [11, 8, 17]},
			"faces": {
				"north": {"uv": [15.5, 14.5, 16, 15], "texture": "#1"},
				"east": {"uv": [15.5, 14.5, 16, 15], "texture": "#1"},
				"south": {"uv": [15.5, 14.5, 16, 15], "texture": "#1"},
				"west": {"uv": [15.5, 14.5, 16, 15], "texture": "#1"},
				"down": {"uv": [15.5, 14.5, 16, 15], "texture": "#1"}
			}
		},
		{
			"from": [2, 1, 8],
			"to": [5, 3, 11],
			"rotation": {"angle": 0, "axis": "y", "origin": [12, 9, 16]},
			"faces": {
				"north": {"uv": [6.5, 3, 8, 4], "texture": "#1"},
				"east": {"uv": [5.5, 3, 7, 4], "texture": "#1"},
				"south": {"uv": [6.5, 3, 8, 4], "texture": "#1"},
				"west": {"uv": [5.5, 3, 7, 4], "texture": "#1"},
				"up": {"uv": [0.5, 3, 2, 4.5], "texture": "#1"},
				"down": {"uv": [1, 5.5, 2.5, 7], "texture": "#1"}
			}
		},
		{
			"from": [5, 0, 4],
			"to": [6, 1, 5],
			"rotation": {"angle": 0, "axis": "y", "origin": [13, 8, 12]},
			"faces": {
				"north": {"uv": [15.5, 14.5, 16, 15], "texture": "#1"},
				"east": {"uv": [15.5, 14.5, 16, 15], "texture": "#1"},
				"south": {"uv": [15.5, 14.5, 16, 15], "texture": "#1"},
				"west": {"uv": [15.5, 14.5, 16, 15], "texture": "#1"},
				"down": {"uv": [15.5, 14.5, 16, 15], "texture": "#1"}
			}
		},
		{
			"from": [4.5, 1, 3.5],
			"to": [6.5, 2, 5.5],
			"rotation": {"angle": 0, "axis": "y", "origin": [13.5, 9, 11.5]},
			"faces": {
				"north": {"uv": [7, 3, 8, 3.5], "texture": "#1"},
				"east": {"uv": [7, 3, 8, 3.5], "texture": "#1"},
				"south": {"uv": [7, 3, 8, 3.5], "texture": "#1"},
				"west": {"uv": [7, 3, 8, 3.5], "texture": "#1"},
				"up": {"uv": [5.5, 2.5, 6.5, 3.5], "rotation": 180, "texture": "#1"},
				"down": {"uv": [1, 5.5, 2, 6.5], "texture": "#1"}
			}
		},
		{
			"from": [11, 0, 4],
			"to": [12, 2, 5],
			"rotation": {"angle": 0, "axis": "y", "origin": [19, 8, 12]},
			"faces": {
				"north": {"uv": [15.5, 14.5, 16, 15.5], "texture": "#1"},
				"east": {"uv": [15.5, 14.5, 16, 15.5], "texture": "#1"},
				"south": {"uv": [15.5, 14.5, 16, 15.5], "texture": "#1"},
				"west": {"uv": [15.5, 14.5, 16, 15.5], "texture": "#1"},
				"down": {"uv": [15.5, 14.5, 16, 15], "texture": "#1"}
			}
		},
		{
			"from": [9.5, 2, 2.5],
			"to": [13.5, 4, 6.5],
			"rotation": {"angle": 0, "axis": "y", "origin": [17.5, 10, 13.5]},
			"faces": {
				"north": {"uv": [1.5, 0, 3.5, 1], "rotation": 180, "texture": "#1"},
				"east": {"uv": [6, 1, 8, 2], "texture": "#1"},
				"south": {"uv": [5, 1, 7, 2], "texture": "#1"},
				"west": {"uv": [9.5, 1, 11.5, 2], "texture": "#1"},
				"up": {"uv": [0.5, 0.5, 2.5, 2.5], "texture": "#1"},
				"down": {"uv": [6, 5, 8, 7], "texture": "#1"}
			}
		}
	],
	"groups": [
		{
			"name": "group",
			"origin": [8.5, 9, 7.5],
			"children": [0, 1]
		},
		{
			"name": "group",
			"origin": [9.5, 10, 21.5],
			"children": [2, 3]
		},
		{
			"name": "group",
			"origin": [13, 9, 16],
			"children": [4, 5]
		},
		{
			"name": "group",
			"origin": [8.5, 9, 7.5],
			"children": [6, 7]
		},
		{
			"name": "group",
			"origin": [9.5, 10, 21.5],
			"children": [8, 9]
		}
	]
}