{
	"credit": "Made with Blockbench",
	"texture_size": [32, 32],
	"textures": {
		"mushroom_block_inside": "block/small_red_mushroom"
	},
	"elements": [
		{
			"name": "leg_1",
			"from": [10, 0, 7],
			"to": [12, 2, 9],
			"faces": {
				"north": {"uv": [14.5, 11.5, 15.5, 12.5], "texture": "#mushroom_block_inside"},
				"east": {"uv": [14.5, 11.5, 15.5, 12.5], "texture": "#mushroom_block_inside"},
				"south": {"uv": [14.5, 11.5, 15.5, 12.5], "texture": "#mushroom_block_inside"},
				"west": {"uv": [14.5, 11.5, 15.5, 12.5], "texture": "#mushroom_block_inside"},
				"down": {"uv": [14.5, 11.5, 15.5, 12.5], "texture": "#mushroom_block_inside"}
			}
		},
		{
			"name": "cap_1",
			"from": [8, 2, 5],
			"to": [14, 6, 11],
			"faces": {
				"north": {"uv": [0, 14, 3, 16], "texture": "#mushroom_block_inside"},
				"east": {"uv": [0.5, 9.5, 3.5, 11.5], "texture": "#mushroom_block_inside"},
				"south": {"uv": [0, 14, 3, 16], "texture": "#mushroom_block_inside"},
				"west": {"uv": [0.5, 9.5, 3.5, 11.5], "texture": "#mushroom_block_inside"},
				"up": {"uv": [0.5, 9.5, 3.5, 12.5], "rotation": 90, "texture": "#mushroom_block_inside"},
				"down": {"uv": [5.5, 12.5, 8.5, 15.5], "texture": "#mushroom_block_inside"}
			}
		},
		{
			"name": "leg_2",
			"from": [4, 0, 4],
			"to": [6, 1, 6],
			"rotation": {"angle": 0, "axis": "y", "origin": [8, 8, 9]},
			"faces": {
				"north": {"uv": [14.5, 9.5, 15.5, 10], "texture": "#mushroom_block_inside"},
				"east": {"uv": [14.5, 9.5, 15.5, 10], "texture": "#mushroom_block_inside"},
				"south": {"uv": [14.5, 9.5, 15.5, 10], "texture": "#mushroom_block_inside"},
				"west": {"uv": [14.5, 9.5, 15.5, 10], "texture": "#mushroom_block_inside"},
				"down": {"uv": [14.5, 9.5, 15.5, 10.5], "texture": "#mushroom_block_inside"}
			}
		},
		{
			"name": "cap_2",
			"from": [3, 1, 3],
			"to": [7, 4, 7],
			"rotation": {"angle": 0, "axis": "y", "origin": [8, 7, 9]},
			"faces": {
				"north": {"uv": [0, 12, 2, 13.5], "texture": "#mushroom_block_inside"},
				"east": {"uv": [2.5, 12.5, 4.5, 14], "texture": "#mushroom_block_inside"},
				"south": {"uv": [0, 12, 2, 13.5], "texture": "#mushroom_block_inside"},
				"west": {"uv": [2.5, 12.5, 4.5, 14], "texture": "#mushroom_block_inside"},
				"up": {"uv": [2, 12, 4, 14], "texture": "#mushroom_block_inside"},
				"down": {"uv": [0, 0, 2, 2], "texture": "#mushroom_block_inside"}
			}
		},
		{
			"name": "cap_3",
			"from": [2, 1, 9],
			"to": [5, 3, 12],
			"rotation": {"angle": 0, "axis": "y", "origin": [9, 8, 8]},
			"faces": {
				"north": {"uv": [2, 10, 3.5, 11], "texture": "#mushroom_block_inside"},
				"east": {"uv": [0, 12, 1.5, 13], "texture": "#mushroom_block_inside"},
				"south": {"uv": [2, 10, 3.5, 11], "texture": "#mushroom_block_inside"},
				"west": {"uv": [0, 12, 1.5, 13], "texture": "#mushroom_block_inside"},
				"up": {"uv": [3, 12.5, 4.5, 14], "texture": "#mushroom_block_inside"},
				"down": {"uv": [0, 0, 1.5, 1.5], "texture": "#mushroom_block_inside"}
			}
		},
		{
			"name": "leg_3",
			"from": [3, 0, 10],
			"to": [4, 1, 11],
			"rotation": {"angle": 0, "axis": "y", "origin": [9, 8, 8]},
			"faces": {
				"north": {"uv": [14.5, 11.5, 15, 12], "texture": "#mushroom_block_inside"},
				"east": {"uv": [14.5, 11.5, 15, 12], "texture": "#mushroom_block_inside"},
				"south": {"uv": [14.5, 11.5, 15, 12], "texture": "#mushroom_block_inside"},
				"west": {"uv": [14.5, 11.5, 15, 12], "texture": "#mushroom_block_inside"},
				"down": {"uv": [14.5, 11.5, 15, 12], "texture": "#mushroom_block_inside"}
			}
		}
	],
	"display": {
		"thirdperson_righthand": {
			"rotation": [75, 315, 0],
			"translation": [0, 2.5, 0],
			"scale": [0.375, 0.375, 0.375]
		},
		"firstperson_righthand": {
			"rotation": [0, 315, 0],
			"translation": [0, 2.5, 0],
			"scale": [0.4, 0.4, 0.4]
		},
		"ground": {
			"translation": [0, 3, 0],
			"scale": [0.25, 0.25, 0.25]
		},
		"gui": {
			"rotation": [30, 45, 0],
			"scale": [0.625, 0.625, 0.625]
		},
		"head": {
			"rotation": [0, 180, 0]
		},
		"fixed": {
			"rotation": [0, 180, 0]
		}
	}
}