{
	"credit": "Made with Blockbench",
	"texture_size": [32, 32],
	"textures": {
		"0": "block/small_red_mushroom",
		"particle": "block/red_mushroom"
	},
	"elements": [
		{
			"from": [2, 0, 11],
			"to": [4, 2, 13],
			"rotation": {"angle": 0, "axis": "y", "origin": [11, 8, 20]},
			"faces": {
				"north": {"uv": [14.5, 11.5, 15.5, 12.5], "texture": "#0"},
				"east": {"uv": [14.5, 11.5, 15.5, 12.5], "texture": "#0"},
				"south": {"uv": [14.5, 11.5, 15.5, 12.5], "texture": "#0"},
				"west": {"uv": [14.5, 11.5, 15.5, 12.5], "texture": "#0"},
				"up": {"uv": [0, 0, 1, 1], "texture": "#0"},
				"down": {"uv": [15, 11.5, 16, 12.5], "texture": "#0"}
			}
		},
		{
			"from": [1, 2, 10],
			"to": [5, 5, 14],
			"rotation": {"angle": 0, "axis": "y", "origin": [12, 10, 19]},
			"faces": {
				"north": {"uv": [2, 12.5, 4, 14], "texture": "#0"},
				"east": {"uv": [0.5, 12.5, 2.5, 14], "texture": "#0"},
				"south": {"uv": [2, 12.5, 4, 14], "texture": "#0"},
				"west": {"uv": [0.5, 12, 2.5, 13.5], "texture": "#0"},
				"up": {"uv": [1, 13.5, 3, 15.5], "texture": "#0"},
				"down": {"uv": [6, 13.5, 8, 15.5], "texture": "#0"}
			}
		},
		{
			"from": [3, 0, 3],
			"to": [4, 1, 4],
			"rotation": {"angle": 0, "axis": "y", "origin": [11, 8, 11]},
			"faces": {
				"north": {"uv": [14, 11.5, 14.5, 12], "texture": "#0"},
				"east": {"uv": [14.5, 13, 15, 13.5], "texture": "#0"},
				"south": {"uv": [14, 11.5, 14.5, 12], "texture": "#0"},
				"west": {"uv": [14.5, 13, 15, 13.5], "texture": "#0"},
				"up": {"uv": [0, 0, 0.5, 0.5], "texture": "#missing"},
				"down": {"uv": [14.5, 13, 15, 13.5], "texture": "#0"}
			}
		},
		{
			"from": [2, 1, 2],
			"to": [5, 4, 5],
			"rotation": {"angle": 0, "axis": "y", "origin": [12, 9, 11]},
			"faces": {
				"north": {"uv": [2.5, 12.5, 4, 14], "texture": "#0"},
				"east": {"uv": [2, 10.5, 3.5, 12], "texture": "#0"},
				"south": {"uv": [2.5, 12.5, 4, 14], "texture": "#0"},
				"west": {"uv": [2, 10.5, 3.5, 12], "texture": "#0"},
				"up": {"uv": [5.5, 13, 7, 14.5], "texture": "#0"},
				"down": {"uv": [5, 12.5, 6.5, 14], "texture": "#0"}
			}
		},
		{
			"from": [8, 0, 4],
			"to": [9, 1, 5],
			"rotation": {"angle": 0, "axis": "y", "origin": [16, 8, 12]},
			"faces": {
				"north": {"uv": [14, 11.5, 14.5, 12], "texture": "#0"},
				"east": {"uv": [14.5, 13, 15, 13.5], "texture": "#0"},
				"south": {"uv": [14, 11.5, 14.5, 12], "texture": "#0"},
				"west": {"uv": [14.5, 13, 15, 13.5], "texture": "#0"},
				"up": {"uv": [0, 0, 0.5, 0.5], "texture": "#missing"},
				"down": {"uv": [14.5, 13, 15, 13.5], "texture": "#0"}
			}
		},
		{
			"from": [7, 1, 3],
			"to": [10, 4, 6],
			"rotation": {"angle": 0, "axis": "y", "origin": [17, 9, 12]},
			"faces": {
				"north": {"uv": [1, 12, 2.5, 13.5], "texture": "#0"},
				"east": {"uv": [4, 11.5, 5.5, 13], "texture": "#0"},
				"south": {"uv": [1, 12, 2.5, 13.5], "texture": "#0"},
				"west": {"uv": [4, 11.5, 5.5, 13], "texture": "#0"},
				"up": {"uv": [0.5, 9.5, 2, 11], "texture": "#0"},
				"down": {"uv": [5, 12.5, 6.5, 14], "texture": "#0"}
			}
		},
		{
			"from": [13, 0, 2],
			"to": [14, 1, 3],
			"rotation": {"angle": 0, "axis": "y", "origin": [21, 8, 10]},
			"faces": {
				"north": {"uv": [14, 11.5, 14.5, 12], "texture": "#0"},
				"east": {"uv": [14.5, 13, 15, 13.5], "texture": "#0"},
				"south": {"uv": [14, 11.5, 14.5, 12], "texture": "#0"},
				"west": {"uv": [14.5, 13, 15, 13.5], "texture": "#0"},
				"up": {"uv": [0, 0, 0.5, 0.5], "texture": "#missing"},
				"down": {"uv": [14.5, 13, 15, 13.5], "texture": "#0"}
			}
		},
		{
			"from": [12, 1, 1],
			"to": [15, 4, 4],
			"rotation": {"angle": 0, "axis": "y", "origin": [22, 9, 10]},
			"faces": {
				"north": {"uv": [2.5, 11.5, 4, 13], "texture": "#0"},
				"east": {"uv": [2.5, 13, 4, 14.5], "texture": "#0"},
				"south": {"uv": [2.5, 11.5, 4, 13], "texture": "#0"},
				"west": {"uv": [2.5, 13, 4, 14.5], "texture": "#0"},
				"up": {"uv": [2, 10.5, 3.5, 12], "texture": "#0"},
				"down": {"uv": [5, 12.5, 6.5, 14], "texture": "#0"}
			}
		},
		{
			"name": "leg_1",
			"from": [7.5, 0, 9.5],
			"to": [11.5, 2, 13.5],
			"rotation": {"angle": 0, "axis": "y", "origin": [10.5, 8, 11.5]},
			"faces": {
				"north": {"uv": [14, 11, 16, 12], "texture": "#0"},
				"east": {"uv": [14, 12, 16, 13], "texture": "#0"},
				"south": {"uv": [14, 11, 16, 12], "texture": "#0"},
				"west": {"uv": [14, 12, 16, 13], "texture": "#0"},
				"down": {"uv": [14, 10, 16, 12], "texture": "#0"}
			}
		},
		{
			"name": "cap_1",
			"from": [6, 2, 8],
			"to": [13, 7, 15],
			"rotation": {"angle": 0, "axis": "y", "origin": [10, 7, 12]},
			"faces": {
				"north": {"uv": [0.5, 13, 4, 15.5], "texture": "#0"},
				"east": {"uv": [0, 9.5, 3.5, 12], "texture": "#0"},
				"south": {"uv": [0.5, 13, 4, 15.5], "texture": "#0"},
				"west": {"uv": [0, 9.5, 3.5, 12], "texture": "#0"},
				"up": {"uv": [0, 9.5, 3.5, 13], "texture": "#0"},
				"down": {"uv": [5, 12, 8.5, 15.5], "texture": "#0"}
			}
		}
	],
	"display": {
		"thirdperson_righthand": {
			"rotation": [75, 315, 0],
			"translation": [0, 2.5, 0],
			"scale": [0.375, 0.375, 0.375]
		},
		"firstperson_righthand": {
			"rotation": [0, 315, 0],
			"translation": [0, 2.5, 0],
			"scale": [0.4, 0.4, 0.4]
		},
		"ground": {
			"translation": [0, 3, 0],
			"scale": [0.25, 0.25, 0.25]
		},
		"gui": {
			"rotation": [30, 45, 0],
			"scale": [0.625, 0.625, 0.625]
		},
		"head": {
			"rotation": [0, 180, 0]
		},
		"fixed": {
			"rotation": [0, 180, 0]
		}
	},
	"groups": [0, 1,
		{
			"name": "group",
			"origin": [22, 9, 10],
			"children": [2, 3]
		},
		{
			"name": "group",
			"origin": [22, 9, 10],
			"children": [4, 5]
		},
		{
			"name": "group",
			"origin": [22, 9, 10],
			"children": [6, 7]
		},
		{
			"name": "group",
			"origin": [10, 7, 12],
			"children": [8, 9]
		},
		{
			"name": "group",
			"origin": [22, 9, 10],
			"children": []
		}
	]
}