{
	"credit": "Made with Blockbench",
	"texture_size": [32, 32],
	"textures": {
		"0": "block/small_red_mushroom",
		"particle": "block/red_mushroom"
	},
	"elements": [
		{
			"from": [6, 0, 5],
			"to": [7, 2, 6],
			"rotation": {"angle": 0, "axis": "y", "origin": [14, 8, 13]},
			"faces": {
				"north": {"uv": [14, 12, 14.5, 13], "texture": "#0"},
				"east": {"uv": [14, 12, 14.5, 13], "texture": "#0"},
				"south": {"uv": [14, 12, 14.5, 13], "texture": "#0"},
				"west": {"uv": [14, 12, 14.5, 13], "texture": "#0"},
				"up": {"uv": [2, 4, 2.5, 4.5], "texture": "#0"},
				"down": {"uv": [15, 11.5, 15.5, 12], "texture": "#0"}
			}
		},
		{
			"from": [5, 2, 4],
			"to": [8, 5, 7],
			"rotation": {"angle": 0, "axis": "y", "origin": [13, 10, 12]},
			"faces": {
				"north": {"uv": [2, 10, 3.5, 11.5], "texture": "#0"},
				"east": {"uv": [0, 12, 1.5, 13.5], "texture": "#0"},
				"south": {"uv": [2, 10, 3.5, 11.5], "texture": "#0"},
				"west": {"uv": [0, 12, 1.5, 13.5], "texture": "#0"},
				"up": {"uv": [2.5, 12.5, 4, 14], "texture": "#0"},
				"down": {"uv": [6, 3, 7.5, 4.5], "texture": "#0"}
			}
		},
		{
			"from": [11, 0, 12],
			"to": [12, 2, 13],
			"rotation": {"angle": 0, "axis": "y", "origin": [19, 8, 20]},
			"faces": {
				"north": {"uv": [14, 12, 14.5, 12.5], "texture": "#0"},
				"east": {"uv": [14, 12, 14.5, 12.5], "texture": "#0"},
				"south": {"uv": [14, 12, 14.5, 12.5], "texture": "#0"},
				"west": {"uv": [14, 12, 14.5, 12.5], "texture": "#0"},
				"up": {"uv": [2, 4, 3, 6], "texture": "#0"},
				"down": {"uv": [15, 11.5, 15.5, 12], "texture": "#0"}
			}
		},
		{
			"from": [10, 1, 11],
			"to": [13, 4, 14],
			"rotation": {"angle": 0, "axis": "y", "origin": [18, 9, 19]},
			"faces": {
				"north": {"uv": [2.5, 13, 4, 14.5], "texture": "#0"},
				"east": {"uv": [1.5, 11.5, 3, 13], "texture": "#0"},
				"south": {"uv": [2.5, 13, 4, 14.5], "texture": "#0"},
				"west": {"uv": [1.5, 11.5, 3, 13], "texture": "#0"},
				"up": {"uv": [0, 12, 1.5, 13.5], "texture": "#0"},
				"down": {"uv": [0, 0, 1.5, 1.5], "texture": "#0"}
			}
		},
		{
			"from": [5, 0, 10],
			"to": [6, 2, 11],
			"rotation": {"angle": 0, "axis": "y", "origin": [13, 8, 18]},
			"faces": {
				"north": {"uv": [14, 12, 14.5, 12.5], "texture": "#0"},
				"east": {"uv": [14, 12, 14.5, 12.5], "texture": "#0"},
				"south": {"uv": [14, 12, 14.5, 12.5], "texture": "#0"},
				"west": {"uv": [14, 12, 14.5, 12.5], "texture": "#0"},
				"up": {"uv": [2, 4, 3, 6], "texture": "#0"},
				"down": {"uv": [15, 11.5, 15.5, 12], "texture": "#0"}
			}
		},
		{
			"from": [4, 1, 9],
			"to": [7, 3, 12],
			"rotation": {"angle": 0, "axis": "y", "origin": [12, 9, 17]},
			"faces": {
				"north": {"uv": [2, 11.5, 3.5, 12.5], "texture": "#0"},
				"east": {"uv": [0.5, 12, 2, 13], "texture": "#0"},
				"south": {"uv": [2, 11.5, 3.5, 12.5], "texture": "#0"},
				"west": {"uv": [0.5, 12, 2, 13], "texture": "#0"},
				"up": {"uv": [2.5, 14.5, 4, 16], "texture": "#0"},
				"down": {"uv": [0, 0, 1.5, 1.5], "texture": "#0"}
			}
		},
		{
			"from": [11.5, 0, 3.5],
			"to": [13.5, 1, 5.5],
			"rotation": {"angle": 0, "axis": "y", "origin": [19.5, 8, 12.5]},
			"faces": {
				"north": {"uv": [14, 12, 15, 12.5], "texture": "#0"},
				"east": {"uv": [14, 12, 15, 12.5], "texture": "#0"},
				"south": {"uv": [14, 12, 15, 12.5], "texture": "#0"},
				"west": {"uv": [14, 12, 15, 12.5], "texture": "#0"},
				"down": {"uv": [14, 12, 15, 13], "texture": "#0"}
			}
		},
		{
			"from": [10, 1, 2],
			"to": [15, 5, 7],
			"rotation": {"angle": 0, "axis": "y", "origin": [18, 9, 12]},
			"faces": {
				"north": {"uv": [2.5, 12, 5.5, 15], "texture": "#0"},
				"east": {"uv": [0, 11, 3, 14], "texture": "#0"},
				"south": {"uv": [2.5, 12, 5.5, 15], "texture": "#0"},
				"west": {"uv": [0, 11, 3, 14], "texture": "#0"},
				"up": {"uv": [1, 12.5, 4, 15.5], "texture": "#0"},
				"down": {"uv": [0, 0, 3, 3], "texture": "#0"}
			}
		},
		{
			"from": [1, 0, 4],
			"to": [2, 1, 5],
			"rotation": {"angle": 0, "axis": "y", "origin": [9, 8, 12]},
			"faces": {
				"north": {"uv": [14, 12, 14.5, 12.5], "texture": "#0"},
				"east": {"uv": [14, 12, 14.5, 12.5], "texture": "#0"},
				"south": {"uv": [14, 12, 14.5, 12.5], "texture": "#0"},
				"west": {"uv": [14, 12, 14.5, 12.5], "texture": "#0"},
				"down": {"uv": [15, 11.5, 15.5, 12], "texture": "#0"}
			}
		},
		{
			"from": [0, 1, 3],
			"to": [3, 3, 6],
			"rotation": {"angle": 0, "axis": "y", "origin": [8, 9, 11]},
			"faces": {
				"north": {"uv": [2.5, 13, 4, 14], "texture": "#0"},
				"east": {"uv": [0, 11, 1.5, 12], "texture": "#0"},
				"south": {"uv": [2.5, 13, 4, 14], "texture": "#0"},
				"west": {"uv": [0, 11, 1.5, 12], "texture": "#0"},
				"up": {"uv": [0.5, 12, 2, 13.5], "texture": "#0"},
				"down": {"uv": [0, 0, 1.5, 1.5], "texture": "#0"}
			}
		}
	],
	"groups": [
		{
			"name": "group",
			"origin": [13, 10, 11],
			"children": [0, 1]
		},
		{
			"name": "group",
			"origin": [17, 9, 16],
			"children": [2, 3]
		},
		{
			"name": "group",
			"origin": [12, 9, 17],
			"children": [4, 5]
		},
		{
			"name": "group",
			"origin": [17, 9, 16],
			"children": [6, 7]
		},
		{
			"name": "group",
			"origin": [12, 9, 17],
			"children": [8, 9]
		}
	]
}