{
	"credit": "Made with Blockbench",
	"texture_size": [32, 32],
	"textures": {
		"0": "block/warped_fungus",
		"1": "block/warped_fungus_block",
		"particle": "block/warped_fungus"
	},
	"elements": [
		{
			"from": [5, 0, 12],
			"to": [6, 2, 13],
			"rotation": {"angle": 0, "axis": "y", "origin": [13, 8, 20]},
			"faces": {
				"north": {"uv": [7, 13, 8, 15], "texture": "#0"},
				"east": {"uv": [7, 13, 8, 15], "texture": "#0"},
				"south": {"uv": [7, 13, 8, 15], "texture": "#0"},
				"west": {"uv": [7, 13, 8, 15], "texture": "#0"},
				"up": {"uv": [7, 13, 8, 15], "texture": "#0"},
				"down": {"uv": [7, 13, 8, 15], "texture": "#0"}
			}
		},
		{
			"from": [3.5, 2, 10.5],
			"to": [7.5, 4, 14.5],
			"rotation": {"angle": 0, "axis": "y", "origin": [11.5, 10, 21.5]},
			"faces": {
				"north": {"uv": [9.5, 1.5, 11.5, 2.5], "texture": "#1"},
				"east": {"uv": [6.5, 3, 8.5, 4], "texture": "#1"},
				"south": {"uv": [9.5, 1.5, 11.5, 2.5], "texture": "#1"},
				"west": {"uv": [6.5, 3, 8.5, 4], "texture": "#1"},
				"up": {"uv": [0.5, 0.5, 2.5, 2.5], "texture": "#1"},
				"down": {"uv": [9.5, 2.5, 11.5, 4.5], "texture": "#1"}
			}
		},
		{
			"from": [1, 4, 1],
			"to": [9, 7, 9],
			"rotation": {"angle": 0, "axis": "y", "origin": [9, 12, 9]},
			"faces": {
				"north": {"uv": [7.5, 0, 9, 4], "rotation": 90, "texture": "#1"},
				"east": {"uv": [5, 0, 9, 1.5], "rotation": 180, "texture": "#1"},
				"south": {"uv": [5, 0, 6.5, 4], "rotation": 270, "texture": "#1"},
				"west": {"uv": [5, 2.5, 9, 4], "texture": "#1"},
				"up": {"uv": [5, 0, 9, 4], "texture": "#1"},
				"down": {"uv": [5, 4, 9, 8], "texture": "#1"}
			}
		},
		{
			"from": [4, 0, 4],
			"to": [6, 4, 6],
			"rotation": {"angle": 0, "axis": "y", "origin": [13, 9, 12]},
			"faces": {
				"north": {"uv": [7, 11, 9, 15], "texture": "#0"},
				"east": {"uv": [7, 11, 9, 15], "texture": "#0"},
				"south": {"uv": [7, 11, 9, 15], "texture": "#0"},
				"west": {"uv": [7, 11, 9, 15], "texture": "#0"},
				"down": {"uv": [7, 11, 9, 13], "texture": "#0"}
			}
		},
		{
			"from": [12, 0, 8],
			"to": [13, 3, 9],
			"rotation": {"angle": 0, "axis": "y", "origin": [20, 8, 16]},
			"faces": {
				"north": {"uv": [7, 13, 8, 15], "texture": "#0"},
				"east": {"uv": [7, 13, 8, 15], "texture": "#0"},
				"south": {"uv": [7, 13, 8, 15], "texture": "#0"},
				"west": {"uv": [7, 13, 8, 15], "texture": "#0"},
				"up": {"uv": [7, 13, 8, 15], "texture": "#0"},
				"down": {"uv": [7, 13, 8, 15], "texture": "#0"}
			}
		},
		{
			"from": [10.5, 3, 6.5],
			"to": [14.5, 5, 10.5],
			"rotation": {"angle": 0, "axis": "y", "origin": [21.5, 11, 2.5]},
			"faces": {
				"north": {"uv": [7, 2.5, 9, 3.5], "texture": "#1"},
				"east": {"uv": [4, 1, 5, 3], "rotation": 90, "texture": "#1"},
				"south": {"uv": [7, 2.5, 9, 3.5], "texture": "#1"},
				"west": {"uv": [4, 1, 5, 3], "rotation": 90, "texture": "#1"},
				"up": {"uv": [3, 1, 5, 3], "rotation": 270, "texture": "#1"},
				"down": {"uv": [9.5, 3, 11.5, 5], "rotation": 90, "texture": "#1"}
			}
		}
	],
	"groups": [
		{
			"name": "group",
			"origin": [9.5, 10, 21.5],
			"children": [0, 1]
		},
		{
			"name": "group",
			"origin": [16, 8, 15],
			"children": [2, 3]
		},
		{
			"name": "group",
			"origin": [9.5, 10, 21.5],
			"children": [4, 5]
		}
	]
}