{
	"credit": "Made with Blockbench",
	"texture_size": [32, 32],
	"textures": {
		"0": "block/warped_fungus",
		"1": "block/warped_fungus_block",
		"particle": "block/warped_fungus"
	},
	"elements": [
		{
			"from": [3, 5, 3],
			"to": [13, 9, 13],
			"rotation": {"angle": 0, "axis": "y", "origin": [11, 13, 11]},
			"faces": {
				"north": {"uv": [0, 0, 5, 2], "rotation": 180, "texture": "#1"},
				"east": {"uv": [0, 3, 5, 5], "texture": "#1"},
				"south": {"uv": [0, 0, 5, 2], "rotation": 180, "texture": "#1"},
				"west": {"uv": [0, 3, 5, 5], "texture": "#1"},
				"up": {"uv": [0, 0, 5, 5], "texture": "#1"},
				"down": {"uv": [0, 5, 5, 10], "texture": "#1"}
			}
		},
		{
			"from": [7, 0, 7],
			"to": [9, 5, 9],
			"rotation": {"angle": 0, "axis": "y", "origin": [16, 8, 15]},
			"faces": {
				"north": {"uv": [7, 11, 9, 16], "texture": "#0"},
				"east": {"uv": [7, 11, 9, 16], "texture": "#0"},
				"south": {"uv": [7, 11, 9, 16], "texture": "#0"},
				"west": {"uv": [7, 11, 9, 16], "texture": "#0"},
				"down": {"uv": [7, 11, 9, 13], "texture": "#0"}
			}
		}
	]
}