{
	"credit": "Modified by xalixilax",
	"ambientocclusion": false,
	"textures": {
		"bars": "block/iron_bars",
		"edge": "block/iron_bars",
		"particle": "block/iron_bars"
	},
	"elements": [
		{
			"from": [8, 0, 0],
			"to": [8, 16, 8],
			"faces": {
				"east": {"uv": [8, 0, 16, 16], "texture": "#bars"},
				"west": {"uv": [16, 0, 8, 16], "texture": "#bars"}
			}
		},
		{
			"from": [7, 0, 0],
			"to": [9, 16, 7],
			"faces": {
				"north": {"uv": [7, 0, 9, 16], "texture": "#edge", "cullface": "north"}
			}
		},
		{
			"from": [7, 15.999, 0],
			"to": [9, 15.999, 7],
			"faces": {
				"up": {"uv": [7, 0, 9, 7], "texture": "#edge"},
				"down": {"uv": [9, 0, 7, 7], "texture": "#edge"}
			}
		},
		{
			"from": [7, 0.001, 0],
			"to": [9, 0.001, 7],
			"faces": {
				"up": {"uv": [7, 0, 9, 7], "texture": "#edge"},
				"down": {"uv": [9, 0, 7, 7], "texture": "#edge"}
			}
		},
		{
			"from": [7, 0.001, 7],
			"to": [9, 0.001, 9],
			"faces": {
				"up": {"uv": [8, 14, 9, 15], "texture": "#edge"},
				"down": {"uv": [9, 13, 8, 14], "texture": "#edge"}
			}
		},
		{
			"from": [7, 15.999, 7],
			"to": [9, 15.999, 9],
			"faces": {
				"up": {"uv": [8, 14, 9, 15], "texture": "#edge"},
				"down": {"uv": [9, 13, 8, 14], "texture": "#edge"}
			}
		}
	],
	"groups": [
		{
			"name": "iron_bars_side",
			"origin": [8, 8, 8],
			"children": [
				{
					"name": "iron_bars_side",
					"origin": [8, 8, 8],
					"children": [0, 1, 2, 3, 4, 5]
				}
			]
		}
	]
}