{
	"credit": "Modified by xalixilax",
	"ambientocclusion": false,
	"textures": {
		"bars": "block/iron_bars",
		"edge": "block/iron_bars",
		"particle": "block/iron_bars"
	},
	"elements": [
		{
			"from": [8, 0, 8],
			"to": [8, 16, 16],
			"faces": {
				"east": {"uv": [0, 0, 8, 16], "texture": "#bars"},
				"west": {"uv": [8, 0, 0, 16], "texture": "#bars"}
			}
		},
		{
			"from": [7, 0, 9],
			"to": [9, 16, 16],
			"faces": {
				"south": {"uv": [7, 0, 9, 16], "texture": "#edge", "cullface": "south"},
				"up": {"uv": [7, 9, 9, 16], "texture": "#edge"},
				"down": {"uv": [9, 9, 7, 16], "texture": "#edge"}
			}
		},
		{
			"from": [7, 0.001, 9],
			"to": [9, 0.001, 16],
			"faces": {
				"up": {"uv": [7, 9, 9, 16], "texture": "#edge"},
				"down": {"uv": [9, 9, 7, 16], "texture": "#edge"}
			}
		},
		{
			"from": [7, 16.001, 7],
			"to": [9, 16.001, 9],
			"faces": {
				"up": {"uv": [8, 14, 9, 15], "texture": "#edge"},
				"down": {"uv": [9, 14, 8, 15], "texture": "#edge"}
			}
		},
		{
			"from": [7, 0.001, 7],
			"to": [9, 0.001, 9],
			"faces": {
				"up": {"uv": [8, 14, 9, 15], "texture": "#edge"},
				"down": {"uv": [9, 14, 8, 15], "texture": "#edge"}
			}
		},
		{
			"from": [7, 15.999, 9],
			"to": [9, 15.999, 16],
			"faces": {
				"up": {"uv": [7, 9, 9, 16], "texture": "#edge"},
				"down": {"uv": [9, 9, 7, 16], "texture": "#edge"}
			}
		}
	],
	"groups": [
		{
			"name": "iron_bars_side_alt",
			"origin": [8, 8, 8],
			"children": [0, 1, 2, 3, 4, 5]
		}
	]
}