{
	"credit": "Made with Blockbench",
	"ambientocclusion": false,
	"textures": {
		"1": "block/lily_pad_root",
		"texture": "block/lily_pad_2",
		"particle": "block/lily_pad_root"
	},
	"elements": [
		{
			"from": [0, 0.25, 0],
			"to": [16, 0.25, 16],
			"rotation": {"angle": 0, "axis": "y", "origin": [0, 0, 0]},
			"faces": {
				"up": {"uv": [16, 0, 0, 16], "texture": "#texture", "tintindex": 0},
				"down": {"uv": [16, 16, 0, 0], "texture": "#texture", "tintindex": 0}
			}
		},
		{
			"from": [7, -9, 4],
			"to": [7, 0, 8],
			"rotation": {"angle": 0, "axis": "y", "origin": [1, 8, 2]},
			"faces": {
				"north": {"uv": [0, 0, 0, 7], "texture": "#missing"},
				"east": {"uv": [12, 0, 16, 9], "texture": "#1"},
				"south": {"uv": [0, 0, 0, 7], "texture": "#missing"},
				"west": {"uv": [12, 0, 16, 9], "texture": "#1"},
				"up": {"uv": [0, 0, 0, 3], "texture": "#missing"},
				"down": {"uv": [0, 0, 0, 3], "texture": "#missing"}
			}
		},
		{
			"from": [5, -9, 6],
			"to": [9, 0, 6],
			"rotation": {"angle": 0, "axis": "y", "origin": [1, 8, 2]},
			"faces": {
				"north": {"uv": [12, 0, 16, 9], "texture": "#1"},
				"east": {"uv": [0, 0, 0, 7], "texture": "#missing"},
				"south": {"uv": [12, 0, 16, 9], "texture": "#1"},
				"west": {"uv": [0, 0, 0, 7], "texture": "#missing"},
				"up": {"uv": [0, 0, 0, 3], "rotation": 90, "texture": "#missing"},
				"down": {"uv": [0, 0, 0, 3], "rotation": 270, "texture": "#missing"}
			}
		}
	]
}