{
	"credit": "Made with Blockbench",
	"ambientocclusion": false,
	"textures": {
		"2": "block/lily_pad_root",
		"particle": "block/lily_pad",
		"1_texture": "block/lily_pad"
	},
	"elements": [
		{
			"from": [0, 0.25, 0],
			"to": [16, 0.25, 16],
			"rotation": {"angle": 0, "axis": "y", "origin": [0, 0, 0]},
			"faces": {
				"up": {"uv": [16, 0, 0, 16], "texture": "#1_texture", "tintindex": 0},
				"down": {"uv": [16, 16, 0, 0], "texture": "#1_texture", "tintindex": 0}
			}
		},
		{
			"from": [8.3, -16, 7.1],
			"to": [8.3, 0, 11.1],
			"rotation": {"angle": 45, "axis": "y", "origin": [8.2, 0, 10.5]},
			"faces": {
				"east": {"uv": [12, 0, 16, 16], "texture": "#2"},
				"west": {"uv": [12, 0, 16, 16], "texture": "#2"}
			}
		},
		{
			"from": [4.7, -16, 9],
			"to": [9.7, 0, 9],
			"rotation": {"angle": 45, "axis": "y", "origin": [8.2, 0, 9]},
			"faces": {
				"north": {"uv": [5, 0, 10, 16], "texture": "#2"},
				"south": {"uv": [5, 0, 10, 16], "texture": "#2"}
			}
		}
	],
	"groups": [
		{
			"name": "lily_pad_5",
			"origin": [8, 8, 8],
			"children": [0, 1,
				{
					"name": "group",
					"origin": [8.2, 0, 10.5],
					"children": []
				}, 2]
		}
	]
}