{
	"credit": "Made with Blockbench",
	"ambientocclusion": false,
	"textures": {
		"1": "block/lily_pad_root",
		"particle": "block/lily_pad",
		"texture": "block/lily_pad"
	},
	"elements": [
		{
			"from": [0, 0.25, 0],
			"to": [16, 0.25, 16],
			"rotation": {"angle": 0, "axis": "y", "origin": [0, 0, 0]},
			"faces": {
				"up": {"uv": [16, 0, 0, 16], "texture": "#texture", "tintindex": 0},
				"down": {"uv": [16, 16, 0, 0], "texture": "#texture", "tintindex": 0}
			}
		},
		{
			"from": [10.5, -11, 0],
			"to": [10.5, 0, 4],
			"rotation": {"angle": -45, "axis": "y", "origin": [0, 0, 2]},
			"faces": {
				"east": {"uv": [6, 0, 10, 11], "texture": "#1"},
				"west": {"uv": [6, 0, 10, 11], "texture": "#1"}
			}
		},
		{
			"from": [8.5, -11, 2],
			"to": [12.5, 0, 2],
			"rotation": {"angle": -45, "axis": "y", "origin": [0, 0, 2]},
			"faces": {
				"north": {"uv": [6, 0, 10, 11], "texture": "#1"},
				"south": {"uv": [6, 0, 10, 11], "texture": "#1"}
			}
		}
	]
}