{
	"textures": {
		"0": "block/sugar_cane",
		"1": "block/sugar_cane_alt",
		"particle": "block/sugar_cane"
	},
	"elements": [
		{
			"from": [6, 0, 5],
			"to": [8, 16, 9],
            "shade": false,
			"rotation": {"angle": 0, "axis": "y", "origin": [14, 8, 13]},
			"faces": {
				"east": {"uv": [0, 0, 4, 16], "texture": "#0", "tintindex": 0},
				"west": {"uv": [0, 0, 4, 16], "texture": "#0", "tintindex": 0}
			}
		},
		{
			"from": [5, 0, 6],
			"to": [9, 16, 8],
            "shade": false,
			"rotation": {"angle": 0, "axis": "y", "origin": [1, 8, 14]},
			"faces": {
				"north": {"uv": [0, 0, 4, 16], "texture": "#1", "tintindex": 0},
				"south": {"uv": [0, 0, 4, 16], "texture": "#1", "tintindex": 0},
				"up": {"uv": [0, 13, 4, 15], "texture": "#0", "tintindex": 0}
			}
		},
		{
			"from": [12, -5, 1],
			"to": [14, 11, 5],
            "shade": false,
			"rotation": {"angle": 0, "axis": "y", "origin": [20, 3, 9]},
			"faces": {
				"east": {"uv": [4, 0, 8, 16], "texture": "#0", "tintindex": 0},
				"west": {"uv": [4, 0, 8, 16], "texture": "#0", "tintindex": 0},
				"up": {"uv": [0, 13, 4, 15], "rotation": 90, "texture": "#0", "tintindex": 0}
			}
		},
		{
			"from": [11, -5, 2],
			"to": [15, 11, 4],
            "shade": false,
			"rotation": {"angle": 0, "axis": "y", "origin": [7, 3, 10]},
			"faces": {
				"north": {"uv": [4, 0, 8, 16], "texture": "#1", "tintindex": 0},
				"south": {"uv": [4, 0, 8, 16], "texture": "#1", "tintindex": 0}
			}
		},
		{
			"from": [10, -10, 9],
			"to": [12, 6, 13],
            "shade": false,
			"rotation": {"angle": 0, "axis": "y", "origin": [18, -2, 17]},
			"faces": {
				"east": {"uv": [12, 0, 16, 16], "texture": "#0", "tintindex": 0},
				"west": {"uv": [12, 0, 16, 16], "texture": "#0", "tintindex": 0}
			}
		},
		{
			"from": [9, -10, 10],
			"to": [13, 6, 12],
            "shade": false,
			"rotation": {"angle": 0, "axis": "y", "origin": [5, -2, 18]},
			"faces": {
				"north": {"uv": [12, 0, 16, 16], "texture": "#1", "tintindex": 0},
				"south": {"uv": [12, 0, 16, 16], "texture": "#1", "tintindex": 0},
				"up": {"uv": [0, 13, 4, 15], "texture": "#0", "tintindex": 0}
			}
		},
		{
			"from": [2, -3, 12],
			"to": [4, 13, 16],
            "shade": false,
			"rotation": {"angle": 0, "axis": "y", "origin": [10, 5, 20]},
			"faces": {
				"east": {"uv": [4, 0, 8, 16], "texture": "#0", "tintindex": 0},
				"west": {"uv": [4, 0, 8, 16], "texture": "#0", "tintindex": 0}
			}
		},
		{
			"from": [1, -3, 13],
			"to": [5, 13, 15],
            "shade": false,
			"rotation": {"angle": 0, "axis": "y", "origin": [-3, 5, 21]},
			"faces": {
				"north": {"uv": [4, 0, 8, 16], "texture": "#1", "tintindex": 0},
				"south": {"uv": [4, 0, 8, 16], "texture": "#1", "tintindex": 0},
				"up": {"uv": [0, 13, 4, 15], "texture": "#0", "tintindex": 0}
			}
		},
		{
			"from": [2, -7, 2],
			"to": [4, 9, 6],
            "shade": false,
			"rotation": {"angle": 0, "axis": "y", "origin": [10, 1, 10]},
			"faces": {
				"east": {"uv": [8, 0, 12, 16], "texture": "#0", "tintindex": 0},
				"west": {"uv": [8, 0, 12, 16], "texture": "#0", "tintindex": 0}
			}
		},
		{
			"from": [1, -7, 3],
			"to": [5, 9, 5],
            "shade": false,
			"rotation": {"angle": 0, "axis": "y", "origin": [-3, 1, 11]},
			"faces": {
				"north": {"uv": [8, 0, 12, 16], "texture": "#1", "tintindex": 0},
				"south": {"uv": [8, 0, 12, 16], "texture": "#1", "tintindex": 0},
				"up": {"uv": [0, 13, 4, 15], "texture": "#0", "tintindex": 0}
			}
		}
	],
	"groups": [
		{
			"name": "group",
			"origin": [-4, 8, 9],
			"children": [0, 1]
		},
		{
			"name": "group",
			"origin": [-4, 8, 9],
			"children": [2, 3]
		},
		{
			"name": "group",
			"origin": [-4, 8, 9],
			"children": [4, 5]
		},
		{
			"name": "group",
			"origin": [-4, 8, 9],
			"children": [6, 7]
		},
		{
			"name": "group",
			"origin": [-4, 8, 9],
			"children": [8, 9]
		}
	]
}