{
    "variants": {
        "": [
			{ "model": "block/grass/grass" },
            { "model": "block/grass/grass_1" },
            { "model": "block/grass/grass_2" },
            { "model": "block/grass/grass_3" },
            { "model": "block/grass/grass_4" },
            { "model": "block/grass/grass_5" },
            { "model": "block/grass/grass_6" },
            { "model": "block/grass/grass_7" },
            { "model": "block/grass/grass_8" },
            { "model": "block/grass/grass_9" },
            { "model": "block/grass/grass_10" },
            { "model": "block/grass/grass_11" },
            { "model": "block/grass/grass_12" }
        ]
    }
}
