{
	"credit": "Made with Blockbench",
	"textures": {
		"particle": "#texture",
		"side": "block/#side"
	},
	"elements": [
		{
			"from": [0, 13, 0],
			"to": [16, 16, 16],
			"faces": {
				"north": {"uv": [0, 6, 16, 3], "texture": "#side", "cullface": "north"},
				"east": {"uv": [0, 3, 16, 0], "texture": "#side", "cullface": "east"},
				"south": {"uv": [0, 12, 16, 9], "texture": "#side", "cullface": "south"},
				"west": {"uv": [0, 9, 16, 6], "texture": "#side", "cullface": "west"},
				"up": {"uv": [0, 0, 16, 16], "texture": "#texture", "cullface": "up"},
				"down": {"uv": [0, 0, 16, 16], "texture": "#texture"}
			}
		}
	]
}