{
    "variants": {
        "": [ { "model": "block/bookshelf/bookshelf", "weight":5 }
,{ "model": "block/bookshelf/bookshelf_1", "weight":1 }
,{ "model": "block/bookshelf/bookshelf_2", "weight":1 }
,{ "model": "block/bookshelf/bookshelf_3", "weight":1 }
,{ "model": "block/bookshelf/bookshelf_4", "weight":5 }
,{ "model": "block/bookshelf/bookshelf_5", "weight":5 }
,{ "model": "block/bookshelf/bookshelf_6", "weight":5 }
,{ "model": "block/bookshelf/bookshelf_7", "weight":5 }
,{ "model": "block/bookshelf/bookshelf_8", "weight":5 }
,{ "model": "block/bookshelf/bookshelf_9", "weight":5 }
,{ "model": "block/bookshelf/bookshelf_10", "weight":5 }
,{ "model": "block/bookshelf/bookshelf_11", "weight":5 }
,{ "model": "block/bookshelf/bookshelf_12", "weight":5 }
,{ "model": "block/bookshelf/bookshelf_13", "weight":5 }
,{ "model": "block/bookshelf/bookshelf_14", "weight":5 }
,{ "model": "block/bookshelf/bookshelf_15", "weight":1 }
,{ "model": "block/bookshelf/bookshelf_16", "weight":1 }
,{ "model": "block/bookshelf/bookshelf_17", "weight":1 }
,{ "model": "block/bookshelf/bookshelf_18", "weight":1 }
,{ "model": "block/bookshelf/bookshelf_19", "weight":1 }
 ]   }
}
