{
  "multipart": [
    {
      "when": {
        "up": "true"
      },
      "apply": {
        "model": "minecraft:block/end_stone_brick_wall_post"
      }
    },
    {
      "when": {
        "north": "low"
      },
      "apply": {
        "model": "minecraft:block/end_stone_brick_wall_side",
        "uvlock": false
      }
    },
    {
      "when": {
        "east": "low"
      },
      "apply": {
        "model": "minecraft:block/end_stone_brick_wall_side",
        "y": 90,
        "uvlock": false
      }
    },
    {
      "when": {
        "south": "low"
      },
      "apply": {
        "model": "minecraft:block/end_stone_brick_wall_side_opposite",
        "y": 180,
        "uvlock": false
      }
    },
    {
      "when": {
        "west": "low"
      },
      "apply": {
        "model": "minecraft:block/end_stone_brick_wall_side_opposite",
        "y": 270,
        "uvlock": false
      }
    },
	{
      "when": {
        "west": "low",
        "east": "low",
        "south": "low",
        "north": "low"
      },
      "apply": {
        "model": "minecraft:block/end_stone_brick_wall_post",
        "uvlock": false
      }
    },
    {
      "when": {
        "north": "tall"
      },
      "apply": {
        "model": "minecraft:block/end_stone_brick_wall_side_tall",
        "uvlock": true
      }
    },
    {
      "when": {
        "east": "tall"
      },
      "apply": {
        "model": "minecraft:block/end_stone_brick_wall_side_tall",
        "y": 90,
        "uvlock": true
      }
    },
    {
      "when": {
        "south": "tall"
      },
      "apply": {
        "model": "minecraft:block/end_stone_brick_wall_side_tall",
        "y": 180,
        "uvlock": true
      }
    },
    {
      "when": {
        "west": "tall"
      },
      "apply": {
        "model": "minecraft:block/end_stone_brick_wall_side_tall",
        "y": 270,
        "uvlock": true
      }
    }
  ]
}