{
    "variants": {
        "": [
            { "model": "block/lily_pad", "weight":4 },
            { "model": "block/lily_pad", "y": 90, "weight":4 },
            { "model": "block/lily_pad", "y": 180, "weight":4 },
            { "model": "block/lily_pad", "y": 270, "weight":4 },
			{ "model": "block/lily_pad_1", "weight":4 },
            { "model": "block/lily_pad_1", "y": 90, "weight":4 },
            { "model": "block/lily_pad_1", "y": 180, "weight":4 },
            { "model": "block/lily_pad_1", "y": 270, "weight":4 },
			{ "model": "block/lily_pad_2", "weight":1 },
            { "model": "block/lily_pad_2", "y": 90, "weight":1 },
            { "model": "block/lily_pad_2", "y": 180, "weight":1 },
            { "model": "block/lily_pad_2", "y": 270, "weight":1 },
			{ "model": "block/lily_pad_3", "weight":4 },
            { "model": "block/lily_pad_3", "y": 90, "weight":4 },
            { "model": "block/lily_pad_3", "y": 180, "weight":4 },
            { "model": "block/lily_pad_3", "y": 270, "weight":4 },
			{ "model": "block/lily_pad_4", "weight":1 },
            { "model": "block/lily_pad_4", "y": 90, "weight":1 },
            { "model": "block/lily_pad_4", "y": 180, "weight":1 },
            { "model": "block/lily_pad_4", "y": 270, "weight":1 },
			{ "model": "block/lily_pad_5", "weight":1 },
            { "model": "block/lily_pad_5", "y": 90, "weight":1 },
            { "model": "block/lily_pad_5", "y": 180, "weight":1 },
            { "model": "block/lily_pad_5", "y": 270, "weight":1 },
			{ "model": "block/lily_pad_6", "weight":1 },
            { "model": "block/lily_pad_6", "y": 90, "weight":1 },
            { "model": "block/lily_pad_6", "y": 180, "weight":1 },
            { "model": "block/lily_pad_6", "y": 270, "weight":1 },
			{ "model": "block/lily_pad_7", "weight":1 },
            { "model": "block/lily_pad_7", "y": 90, "weight":1 },
            { "model": "block/lily_pad_7", "y": 180, "weight":1 },
            { "model": "block/lily_pad_7", "y": 270, "weight":1 }
        ]
    }
}
