{
    "variants": {
        "": [
			{ "model": "block/leaves/flowering_azalea_leaves_0" },
			{ "model": "block/leaves/flowering_azalea_leaves_1" },
			{ "model": "block/leaves/flowering_azalea_leaves_0", "y": 90 },
			{ "model": "block/leaves/flowering_azalea_leaves_1", "y": 90 },
			{ "model": "block/leaves/flowering_azalea_leaves_0", "y": 180 },
			{ "model": "block/leaves/flowering_azalea_leaves_1", "y": 180 },
			{ "model": "block/leaves/flowering_azalea_leaves_0", "y": 270 },
			{ "model": "block/leaves/flowering_azalea_leaves_1", "y": 270 }
		]
    }
}
