{
	"elements": [
		{
			"from": [0, 0, 0],
			"to": [16, 16, 16],
			"faces": {
				"up": {"uv": [0, 0, 16, 16], "texture": "#top", "cullface": "up"},
				"down": {"uv": [0, 0, 16, 16], "texture": "#bottom", "cullface": "down"}
			}
		},
		{
			"from": [0, 0, 1],
			"to": [16, 16, 15],
			"faces": {
				"north": {"uv": [0, 0, 16, 16], "texture": "#side"},
				"south": {"uv": [0, 0, 16, 16], "texture": "#side"}
			}
		},
		{
			"from": [1, 0, 0],
			"to": [15, 16, 16],
			"faces": {
				"east": {"uv": [0, 0, 16, 16], "texture": "#side"},
				"west": {"uv": [0, 0, 16, 16], "texture": "#side"}
			}
		},
		{
			"from": [5.2, 17.3, 10],
			"to": [5.2, 18.3, 12],
			"rotation": {"angle": -45, "axis": "z", "origin": [5.2, 16.3, 11]},
			"faces": {
				"east": {"uv": [8, 7, 10, 8], "rotation": 180, "texture": "#flower", "cullface": "up"},
				"west": {"uv": [8, 7, 10, 8], "rotation": 180, "texture": "#flower", "cullface": "up"}
			}
		},
		{
			"from": [4.8, 17.3, 10],
			"to": [4.8, 18.3, 12],
			"rotation": {"angle": 45, "axis": "z", "origin": [4.8, 16.3, 11]},
			"faces": {
				"east": {"uv": [8, 7, 10, 8], "rotation": 180, "texture": "#flower", "cullface": "up"},
				"west": {"uv": [8, 7, 10, 8], "rotation": 180, "texture": "#flower", "cullface": "up"}
			}
		},
		{
			"from": [4, 17.3, 11.2],
			"to": [6, 18.3, 11.2],
			"rotation": {"angle": 45, "axis": "x", "origin": [5, 16.3, 11.2]},
			"faces": {
				"north": {"uv": [8, 7, 10, 8], "rotation": 180, "texture": "#flower", "cullface": "up"},
				"south": {"uv": [8, 7, 10, 8], "rotation": 180, "texture": "#flower", "cullface": "up"}
			}
		},
		{
			"from": [3, 16.6, 11],
			"to": [7, 16.6, 15],
			"rotation": {"angle": -22.5, "axis": "x", "origin": [5, 16.6, 11]},
			"faces": {
				"up": {"uv": [8, 4, 12, 8], "rotation": 180, "texture": "#flower", "cullface": "up"},
				"down": {"uv": [8, 8, 12, 12], "texture": "#flower", "cullface": "up"}
			}
		},
		{
			"from": [3, 16.6, 7],
			"to": [7, 16.6, 11],
			"rotation": {"angle": 22.5, "axis": "x", "origin": [5, 16.6, 11]},
			"faces": {
				"up": {"uv": [8, 4, 12, 8], "texture": "#flower", "cullface": "up"},
				"down": {"uv": [8, 8, 12, 12], "rotation": 180, "texture": "#flower", "cullface": "up"}
			}
		},
		{
			"from": [1, 16.6, 9],
			"to": [5, 16.6, 13],
			"rotation": {"angle": -22.5, "axis": "z", "origin": [5, 16.6, 11]},
			"faces": {
				"up": {"uv": [8, 4, 12, 8], "rotation": 270, "texture": "#flower", "cullface": "up"},
				"down": {"uv": [8, 8, 12, 12], "rotation": 270, "texture": "#flower", "cullface": "up"}
			}
		},
		{
			"from": [5, 16.6, 9],
			"to": [9, 16.6, 13],
			"rotation": {"angle": 22.5, "axis": "z", "origin": [5, 16.6, 11]},
			"faces": {
				"up": {"uv": [8, 4, 12, 8], "rotation": 90, "texture": "#flower", "cullface": "up"},
				"down": {"uv": [8, 8, 12, 12], "rotation": 90, "texture": "#flower", "cullface": "up"}
			}
		},
		{
			"from": [4, 17.1, 11],
			"to": [6, 18.1, 11],
			"rotation": {"angle": -45, "axis": "x", "origin": [5, 16.1, 11]},
			"faces": {
				"north": {"uv": [8, 7, 10, 8], "rotation": 180, "texture": "#flower", "cullface": "up"},
				"south": {"uv": [8, 7, 10, 8], "rotation": 180, "texture": "#flower", "cullface": "up"}
			}
		},
		{
			"from": [4, 16, 10],
			"to": [6, 17, 12],
			"rotation": {"angle": 0, "axis": "y", "origin": [14, 24, 17]},
			"faces": {
				"north": {"uv": [12, 11, 14, 12], "texture": "#flower", "cullface": "up"},
				"east": {"uv": [12, 11, 14, 12], "texture": "#flower", "cullface": "up"},
				"south": {"uv": [12, 11, 14, 12], "texture": "#flower", "cullface": "up"},
				"west": {"uv": [12, 11, 14, 12], "texture": "#flower", "cullface": "up"},
				"up": {"uv": [12, 4, 14, 6], "texture": "#flower", "cullface": "up"}
			}
		},
		{
			"from": [9, 16.1, 2],
			"to": [13, 16.1, 6],
			"rotation": {"angle": 22.5, "axis": "x", "origin": [11, 16.1, 6]},
			"faces": {
				"up": {"uv": [8, 12, 12, 16], "texture": "#flower", "cullface": "up"},
				"down": {"uv": [12, 12, 16, 16], "rotation": 180, "texture": "#flower", "cullface": "up"}
			}
		},
		{
			"from": [9, 16.1, 4],
			"to": [13, 16.1, 8],
			"rotation": {"angle": -22.5, "axis": "x", "origin": [11, 16.1, 4]},
			"faces": {
				"up": {"uv": [8, 12, 12, 16], "rotation": 180, "texture": "#flower", "cullface": "up"},
				"down": {"uv": [12, 12, 16, 16], "texture": "#flower", "cullface": "up"}
			}
		},
		{
			"from": [8, 16.1, 3],
			"to": [12, 16.1, 7],
			"rotation": {"angle": -22.5, "axis": "z", "origin": [12, 16.1, 5]},
			"faces": {
				"up": {"uv": [8, 12, 12, 16], "rotation": 270, "texture": "#flower", "cullface": "up"},
				"down": {"uv": [12, 12, 16, 16], "rotation": 270, "texture": "#flower", "cullface": "up"}
			}
		},
		{
			"from": [10, 16.1, 3],
			"to": [14, 16.1, 7],
			"rotation": {"angle": 22.5, "axis": "z", "origin": [10, 16.1, 5]},
			"faces": {
				"up": {"uv": [8, 12, 12, 16], "rotation": 90, "texture": "#flower", "cullface": "up"},
				"down": {"uv": [12, 12, 16, 16], "rotation": 90, "texture": "#flower", "cullface": "up"}
			}
		},
		{
			"from": [10, 15.9, 4],
			"to": [12, 16.9, 6],
			"rotation": {"angle": 0, "axis": "y", "origin": [18, 21.9, 13]},
			"faces": {
				"north": {"uv": [12, 11, 14, 12], "texture": "#flower", "cullface": "up"},
				"east": {"uv": [12, 11, 14, 12], "texture": "#flower", "cullface": "up"},
				"south": {"uv": [12, 11, 14, 12], "texture": "#flower", "cullface": "up"},
				"west": {"uv": [12, 11, 14, 12], "texture": "#flower", "cullface": "up"},
				"up": {"uv": [12, 4, 14, 6], "texture": "#flower", "cullface": "up"}
			}
		}
	],
	"groups": [0, 1, 2,
		{
			"name": "group",
			"origin": [9, 17, 8],
			"children": [3, 4, 5, 6, 7, 8, 9, 10, 11]
		},
		{
			"name": "group",
			"origin": [18, 21.9, 13],
			"children": [12, 13, 14, 15, 16]
		}
	]
}